"","Source","Target","shared_keywords"
"1",1,2,4
"2",1,3,4
"3",2,3,4
"4",1,96,4
"5",2,96,4
"6",3,96,4
"7",4,5,4
"8",4,97,4
"9",5,97,6
"10",6,7,11
"11",6,33,11
"12",7,33,11
"13",8,98,8
"14",9,99,4
"15",10,100,4
"16",11,12,10
"17",11,13,10
"18",12,13,10
"19",11,14,10
"20",12,14,10
"21",13,14,10
"22",11,15,10
"23",12,15,10
"24",13,15,10
"25",14,15,10
"26",11,16,10
"27",12,16,10
"28",13,16,10
"29",14,16,10
"30",15,16,10
"31",11,17,10
"32",12,17,10
"33",13,17,10
"34",14,17,10
"35",15,17,10
"36",16,17,10
"37",11,18,10
"38",12,18,10
"39",13,18,10
"40",14,18,10
"41",15,18,10
"42",16,18,10
"43",17,18,10
"44",11,19,10
"45",12,19,10
"46",13,19,10
"47",14,19,10
"48",15,19,10
"49",16,19,10
"50",17,19,10
"51",18,19,10
"52",11,101,10
"53",12,101,10
"54",13,101,10
"55",14,101,10
"56",15,101,10
"57",16,101,10
"58",17,101,10
"59",18,101,10
"60",19,101,10
"61",20,102,5
"62",21,102,4
"63",22,70,9
"64",23,103,4
"65",24,34,20
"66",25,29,7
"67",26,104,10
"68",27,105,4
"69",28,31,5
"70",29,31,4
"71",23,106,4
"72",30,107,7
"73",31,39,4
"74",32,88,8
"75",6,108,5
"76",7,108,5
"77",33,108,5
"78",24,108,5
"79",34,108,5
"80",35,109,5
"81",25,36,8
"82",29,36,8
"83",25,37,8
"84",29,37,8
"85",36,37,15
"86",25,82,8
"87",29,82,8
"88",36,82,15
"89",37,82,15
"90",38,110,5
"91",31,111,5
"92",39,111,4
"93",40,50,4
"94",41,50,4
"95",28,112,4
"96",42,113,4
"97",43,114,5
"98",44,47,5
"99",45,115,14
"100",46,116,5
"101",44,51,5
"102",47,51,4
"103",48,117,8
"104",49,61,4
"105",50,61,7
"106",44,64,5
"107",47,64,6
"108",51,64,4
"109",52,75,4
"110",53,118,5
"111",54,72,7
"112",55,119,14
"113",56,58,5
"114",32,120,4
"115",57,120,6
"116",56,121,5
"117",58,121,4
"118",59,122,4
"119",60,123,4
"120",50,73,5
"121",61,73,4
"122",62,124,15
"123",63,125,6
"124",47,65,4
"125",51,65,4
"126",64,65,5
"127",47,126,4
"128",51,126,4
"129",64,126,6
"130",65,126,7
"131",66,127,4
"132",67,78,4
"133",68,78,5
"134",69,128,15
"135",22,129,7
"136",70,129,7
"137",71,130,4
"138",72,130,5
"139",50,76,5
"140",61,76,4
"141",73,76,10
"142",74,131,5
"143",75,131,4
"144",50,132,5
"145",61,132,4
"146",73,132,10
"147",76,132,10
"148",77,133,4
"149",67,134,4
"150",39,135,4
"151",67,91,4
"152",78,91,4
"153",79,136,7
"154",78,137,4
"155",80,81,10
"156",80,138,10
"157",81,138,13
"158",36,139,4
"159",37,139,4
"160",82,139,4
"161",83,140,4
"162",84,141,10
"163",59,142,5
"164",85,143,4
"165",86,144,5
"166",25,145,8
"167",29,145,6
"168",36,145,8
"169",37,145,8
"170",82,145,8
"171",87,146,10
"172",32,147,4
"173",88,147,4
"174",89,148,4
"175",90,149,7
"176",67,150,5
"177",78,150,4
"178",91,150,4
"179",92,151,7
"180",93,152,4
"181",50,153,5
"182",94,154,5
"183",95,155,6
